matriz,linhas,colunas,versao,trabalhadores,repeticao,tempo_ms,objetos,resultado_correto
desempenho,2400,2400,sequencial,1,1,138.858,176011,true
desempenho,2400,2400,paralela,2,1,69.665,176011,true
desempenho,2400,2400,paralela,4,1,35.709,176011,true
desempenho,2400,2400,paralela,8,1,19.469,176011,true
desempenho,2400,2400,sequencial,1,2,136.296,176011,true
desempenho,2400,2400,paralela,2,2,69.714,176011,true
desempenho,2400,2400,paralela,4,2,35.609,176011,true
desempenho,2400,2400,paralela,8,2,19.397,176011,true
desempenho,2400,2400,sequencial,1,3,137.768,176011,true
desempenho,2400,2400,paralela,2,3,69.170,176011,true
desempenho,2400,2400,paralela,4,3,35.736,176011,true
desempenho,2400,2400,paralela,8,3,20.485,176011,true
desempenho,2400,2400,sequencial,1,4,135.929,176011,true
desempenho,2400,2400,paralela,2,4,69.055,176011,true
desempenho,2400,2400,paralela,4,4,37.222,176011,true
desempenho,2400,2400,paralela,8,4,20.344,176011,true
desempenho,2400,2400,sequencial,1,5,138.596,176011,true
desempenho,2400,2400,paralela,2,5,70.014,176011,true
desempenho,2400,2400,paralela,4,5,35.658,176011,true
desempenho,2400,2400,paralela,8,5,19.144,176011,true
